Сокольническая,Улица Подбельского
Сокольническая,Черкизовская
Сокольническая,Преображенская площадь
Сокольническая,Сокольники
Сокольническая,Красносельская
Сокольническая,Комсомольская
Сокольническая,Красные ворота
Сокольническая,Чистые пруды
Сокольническая,Лубянка
Сокольническая,Охотный ряд
Сокольническая,Библиотека им. Ленина
Сокольническая,Кропоткинская
Сокольническая,Парк культуры
Сокольническая,Фрунзенская
Сокольническая,Спортивная
Сокольническая,Воробьёвы горы
Сокольническая,Университет
Сокольническая,Проспект Вернадского
Сокольническая,Юго-Западная
Замоскворецкая,Красногвардейская
Замоскворецкая,Домодедовская
Замоскворецкая,Орехово
Замоскворецкая,Царицыно
Замоскворецкая,Кантемировская
Замоскворецкая,Каширская
Замоскворецкая,Коломенская
Замоскворецкая,Автозаводская
Замоскворецкая,Павелецкая
Замоскворецкая,Новокузнецкая
Замоскворецкая,Театральная
Замоскворецкая,Тверская
Замоскворецкая,Маяковская
Замоскворецкая,Белорусская
Замоскворецкая,Динамо
Замоскворецкая,Аэропорт
Замоскворецкая,Сокол
Замоскворецкая,Войковская
Замоскворецкая,Водный стадион
Замоскворецкая,Речной вокзал
Арбатско-Покровская,Митино
Арбатско-Покровская,Волоколамская
Арбатско-Покровская,Мякинино
Арбатско-Покровская,Строгино
Арбатско-Покровская,Крылатское
Арбатско-Покровская,Молодежная
Арбатско-Покровская,Кунцевская
Арбатско-Покровская,Славянский бульвар
Арбатско-Покровская,Парк Победы
Арбатско-Покровская,Киевская
Арбатско-Покровская,Смоленская [глуб.]
Арбатско-Покровская,Арбатская [глуб.]
Арбатско-Покровская,Площадь Революции
Арбатско-Покровская,Курская
Арбатско-Покровская,Бауманская
Арбатско-Покровская,Электрозаводская
Арбатско-Покровская,Семеновская
Арбатско-Покровская,Партизанская
Арбатско-Покровская,Измайловская
Арбатско-Покровская,Первомайская
Арбатско-Покровская,Щелковская
Филевская,Александровский сад
Филевская,Арбатская [мелк.]
Филевская,Смоленская [мелк.]
Филевская,Киевская [мелк.]
Филевская,Выставочная
Филевская,Международная
Филевская,Студенческая
Филевская,Кутузовская
Филевская,Фили
Филевская,Багратионовская
Филевская,Филевский парк
Филевская,Пионерская
Филевская,Кунцевская
Кольцевая,Белорусская
Кольцевая,Новослободская
Кольцевая,Проспект Мира
Кольцевая,Комсомольская
Кольцевая,Курская
Кольцевая,Таганская
Кольцевая,Павелецкая
Кольцевая,Добрынинская
Кольцевая,Октябрьская
Кольцевая,Парк культуры
Кольцевая,Киевская
Кольцевая,Краснопресненская
Калужско-Рижская,Медведково
Калужско-Рижская,Бабушкинская
Калужско-Рижская,Свиблово
Калужско-Рижская,Ботанический сад
Калужско-Рижская,ВДНХ
Калужско-Рижская,Алексеевская
Калужско-Рижская,Рижская
Калужско-Рижская,Проспект Мира
Калужско-Рижская,Сухаревская
Калужско-Рижская,Тургеневская
Калужско-Рижская,Китай-город
Калужско-Рижская,Третьяковская
Калужско-Рижская,Октябрьская
Калужско-Рижская,Шаболовская
Калужско-Рижская,Ленинский проспект
Калужско-Рижская,Академическая
Калужско-Рижская,Профсоюзная
Калужско-Рижская,Новые Черемушки
Калужско-Рижская,Калужская
Калужско-Рижская,Беляево
Калужско-Рижская,Коньково
Калужско-Рижская,Теплый Стан
Калужско-Рижская,Ясенево
Калужско-Рижская,Новоясеневская
Таганско-Краснопресненская,Выхино
Таганско-Краснопресненская,Рязанский проспект
Таганско-Краснопресненская,Кузьминки
Таганско-Краснопресненская,Текстильщики
Таганско-Краснопресненская,Волгоградский проспект
Таганско-Краснопресненская,Пролетарская
Таганско-Краснопресненская,Таганская
Таганско-Краснопресненская,Китай-город
Таганско-Краснопресненская,Кузнецкий мост
Таганско-Краснопресненская,Пушкинская
Таганско-Краснопресненская,Баррикадная
Таганско-Краснопресненская,Улица 1905 года
Таганско-Краснопресненская,Беговая
Таганско-Краснопресненская,Полежаевская
Таганско-Краснопресненская,Октябрьское поле
Таганско-Краснопресненская,Щукинская
Таганско-Краснопресненская,Тушинская
Таганско-Краснопресненская,Сходненская
Таганско-Краснопресненская,Планерная
Калининская,Новокосино
Калининская,Новогиреево
Калининская,Перово
Калининская,Шоссе Энтузиастов
Калининская,Авиамоторная
Калининская,Площадь Ильича
Калининская,Марксистская
Калининская,Третьяковская
Серпуховско-Тимирязевская,Алтуфьево
Серпуховско-Тимирязевская,Бибирево
Серпуховско-Тимирязевская,Отрадное
Серпуховско-Тимирязевская,Владыкино
Серпуховско-Тимирязевская,Петровско-Разумовская
Серпуховско-Тимирязевская,Тимирязевская
Серпуховско-Тимирязевская,Дмитровская
Серпуховско-Тимирязевская,Савеловская
Серпуховско-Тимирязевская,Менделеевская
Серпуховско-Тимирязевская,Цветной бульвар
Серпуховско-Тимирязевская,Чеховская
Серпуховско-Тимирязевская,Боровицкая
Серпуховско-Тимирязевская,Полянка
Серпуховско-Тимирязевская,Серпуховская
Серпуховско-Тимирязевская,Тульская
Серпуховско-Тимирязевская,Нагатинская
Серпуховско-Тимирязевская,Нагорная
Серпуховско-Тимирязевская,Нахимовский проспект
Серпуховско-Тимирязевская,Севастопольская
Серпуховско-Тимирязевская,Чертановская
Серпуховско-Тимирязевская,Южная
Серпуховско-Тимирязевская,Пражская
Серпуховско-Тимирязевская,Улица Академика Янгеля
Серпуховско-Тимирязевская,Аннино
Серпуховско-Тимирязевская,Бульвар Дмитрия Донского
Люблинско-Дмитровская,Марьина Роща
Люблинско-Дмитровская,Достоевская
Люблинско-Дмитровская,Трубная
Люблинско-Дмитровская,Сретенский бульвар
Люблинско-Дмитровская,Чкаловская
Люблинско-Дмитровская,Римская
Люблинско-Дмитровская,Крестьянская застава
Люблинско-Дмитровская,Дубровка
Люблинско-Дмитровская,Кожуховская
Люблинско-Дмитровская,Печатники
Люблинско-Дмитровская,Волжская
Люблинско-Дмитровская,Люблино
Люблинско-Дмитровская,Братиславская
Люблинско-Дмитровская,Марьино
Люблинско-Дмитровская,Борисово
Люблинско-Дмитровская,Шипиловская
Люблинско-Дмитровская,Зябликово
Каховская,Каширская
Каховская,Варшавская
Каховская,Каховская
Бутовская,Битцевский парк
Бутовская,Лесопарковая
Бутовская,Улица Старокачаловская
Бутовская,Улица Скобелевская
Бутовская,Бульвар адмирала Ушакова
Бутовская,Улица Горчакова
Бутовская,Бунинская аллея
